ivan,ivanov,ivanov,ivanov@gmail.com,+375448579125
petr,petrov,petrov,petrov@gmail.com,+375298548512
dima,gvozdev,gvozdev,gvozdev@gmail.com,+375447890123
dima,negvozdev,negvozdev,negvozdev@gmail.com,+375294857954
andrey,golydei,golydei,golydei@gamil.com,+375254581256
mimino,mimino,mimino,mimino@gmail.com,+375441248576
andry,andry,andry,andry@gamil.com,+452178549612
